{"cameraMode":{"drawMode":0,"name":"Shaded","section":"Shading Mode"},"sceneLighting":false,"audioPlay":false,"sceneViewState":{"m_AlwaysRefresh":false,"showFog":true,"showSkybox":false,"showFlares":true,"showImageEffects":true,"showParticleSystems":true,"showVisualEffectGraphs":true,"m_FxEnabled":true},"in2DMode":false,"pivot":{"x":-1.8276406526565552,"y":-27.63158416748047,"z":167.69296264648438},"rotation":{"x":0.3480464816093445,"y":0.008437225595116616,"z":-0.003132209647446871,"w":0.9374371767044067},"size":182.74020385742188,"orthographic":false}